{"cameraMode":{"drawMode":0,"name":"Shaded","section":"Shading Mode"},"sceneLighting":true,"audioPlay":false,"sceneViewState":{"showFog":true,"showMaterialUpdate":false,"showSkybox":true,"showFlares":true,"showImageEffects":true,"showParticleSystems":true},"in2DMode":false,"pivot":{"x":0.6091766357421875,"y":7.103050231933594,"z":15.687496185302735},"rotation":{"x":0.1293138712644577,"y":0.5381552577018738,"z":-0.08398417383432388,"w":0.8286214470863342},"size":191.01766967773438,"orthographic":false}